,AAAU,SPY,ISF.L,ESS,EEM,FXE,BofA
2019-01-02,13.05,229.104202,663.974731,196.631012,34.699383,105.157822,1234.57
2019-01-03,12.93,223.637115,659.584229,197.669922,34.070259,105.613594,1236.01
2019-01-04,12.84,231.128067,673.15509,198.05217,35.169006,105.632988,1249.58
2019-01-07,12.88,232.950378,671.259399,198.874985,35.248764,106.331192,1259.24
2019-01-08,12.85,235.139038,676.048828,203.845016,35.38168,106.001457,1265.77
2019-01-09,12.92,236.237976,681.137817,203.670456,36.010803,107.068169,1272.28
2019-01-10,12.86,237.07132,684.530701,206.679062,36.267773,106.563934,1271.92
2019-01-11,12.87,237.162888,682.135681,207.302399,36.090557,106.205109,1273.11
2019-01-14,12.91,235.715973,675.450195,206.853607,35.789284,106.243904,1270.99
2019-01-15,12.88,238.41748,679.94043,209.936996,36.037388,105.749344,1273.16
2019-01-16,12.93,238.99437,676.947021,213.311295,36.480434,105.526306,1277.07
2019-01-17,12.92,240.807571,674.452332,214.57457,36.639927,105.516602,1277.84
2019-01-18,12.81,244.012726,687.125183,216.028992,36.817146,105.293587,1281.96
2019-01-22,12.84,240.716003,680.938477,217.142654,36.179165,105.157822,1279.59
2019-01-23,12.83,241.219742,674.851563,217.58313,36.551319,105.41964,1279.26
2019-01-24,12.8,241.3479,672.356873,217.416946,36.905758,104.750542,1278.61
2019-01-25,12.99,243.390045,671.558533,218.430893,37.393108,105.720268,1281.78
2019-01-28,13.03,241.540207,665.371887,221.472717,37.00322,105.856026,1279.72
2019-01-29,13.11,241.219742,673.454468,223.492294,37.065258,105.894814,1281.64
2019-01-30,13.17,245.038406,684.929993,225.237625,37.871605,106.31179,1284.64
2019-01-31,13.19,247.190399,687.324585,225.395554,38.190594,106.001457,1290.27
2019-02-01,13.17,247.309418,692.114441,224.473038,37.889324,106.108185,1291.82
2019-02-04,13.12,249.049377,694.210022,228.296097,37.951347,105.875412,1293.26
2019-02-05,13.14,250.093369,707.780762,230.14946,38.47414,105.720268,1298.33
2019-02-06,13.06,249.763657,707.182129,228.977631,37.951347,105.274193,1299.6
2019-02-07,13.09,247.382751,699.398865,230.598251,37.570335,105.01236,1294.88
2019-02-08,13.14,247.684921,697.303223,231.105255,37.35767,104.818405,1293.88
2019-02-11,13.08,247.822342,703.190674,231.595627,37.233612,104.411133,1294.84
2019-02-12,13.1,251.00914,703.090759,229.866867,37.543743,104.915382,1298.91
2019-02-13,13.05,251.824097,708.479431,231.071945,37.277912,104.294754,1299.52
2019-02-14,13.12,251.265518,711.372925,230.922363,37.348801,104.537193,1299.49
2019-02-15,13.2,254.003662,715.065125,231.7285,37.295639,104.614777,1301.76
2019-02-19,13.4,254.443298,709.477112,232.908676,37.588039,105.01236,1303.05
2019-02-20,13.38,254.9561,714.765747,230.041412,37.800709,104.99295,1304.94
2019-02-21,13.23,254.049484,710.973816,232.717621,37.720963,104.95417,1305.15
2019-02-22,13.28,255.624573,711.871887,233.931,38.137421,104.905685,1306.31
2019-02-25,13.26,255.972595,712.370911,232.202332,38.562748,105.157822,1308.58
2019-02-26,13.28,255.789429,708.579224,232.742538,38.429832,105.41964,1309.74
2019-02-27,13.19,255.679489,704.188721,232.576324,38.101986,105.23539,1311.22
2019-02-28,13.12,255.203339,701.993225,232.576324,37.60577,105.274193,1312.05
2019-03-01,12.89,256.796753,704.487854,231.952927,37.650078,105.177208,1312.64
2019-03-04,12.86,255.862625,707.281921,234.396393,37.703239,104.95417,1312.67
2019-03-05,12.87,255.514572,712.171387,233.822906,38.075405,104.857185,1312.17
2019-03-06,12.86,253.96701,713.668152,233.8479,37.862732,104.672951,1310.8
2019-03-07,12.85,251.842545,711.173645,234.612488,37.16272,103.470474,1308.56
2019-03-08,13.0,251.338791,706.184082,235.618179,36.896896,103.926262,1305.55
2019-03-11,12.93,254.98349,708.379517,237.471527,37.588039,104.091118,1307.98
2019-03-12,13.01,255.945084,710.874084,238.518692,37.78299,104.517792,1310.88
2019-03-13,13.09,257.639252,711.672485,240.363754,37.827297,104.87661,1313.94
2019-03-14,12.95,257.474365,708.150757,241.793198,37.623493,104.595352,1315.0
2019-03-15,13.01,258.746429,711.344116,240.521576,38.172874,104.769905,1316.02
2019-03-18,13.02,259.684601,718.729248,237.903656,38.598194,104.934776,1316.75
2019-03-19,13.06,259.749054,720.924744,237.471527,38.615921,105.080246,1318.15
2019-03-20,13.12,258.967194,718.130249,237.080887,38.67794,105.778442,1318.71
2019-03-21,13.08,261.892151,725.315613,240.604752,38.731113,105.167526,1321.34
2019-03-22,13.12,256.851685,709.348389,241.610367,37.596912,104.508095,1319.39
2019-03-25,13.21,256.658539,706.953247,240.081146,37.68552,104.663254,1318.28
2019-03-26,13.15,258.571716,708.849426,243.397263,37.800709,104.246269,1320.82
2019-03-27,13.08,257.219574,707.85144,242.291885,37.393108,104.05233,1321.17
2019-03-28,12.9,258.194611,712.940979,242.785538,37.641216,103.809891,1321.78
2019-03-29,12.91,259.822632,717.531677,242.007416,38.031094,103.780777,1324.68
2019-04-01,12.86,262.903931,721.623291,241.195816,38.660225,103.68383,1327.39
2019-04-02,12.9,263.032684,728.608826,244.099091,38.536167,103.615944,1327.8
2019-04-03,12.89,263.446594,731.203613,242.710251,38.801994,103.96505,1329.54
2019-04-04,12.91,264.14563,731.203613,240.785812,39.041237,103.829285,1329.74
2019-04-05,12.91,265.424164,735.295288,242.099426,39.34251,103.761414,1331.82
2019-04-08,12.96,265.626465,735.295288,240.551575,39.34251,104.178406,1333.03
2019-04-09,13.03,264.265259,733.399231,240.518082,39.262768,104.168671,1333.2
2019-04-10,13.07,265.166656,733.399231,241.555588,39.448841,104.246269,1334.27
2019-04-11,12.91,265.092987,733.199524,242.492691,39.023521,104.129913,1336.72
2019-04-12,12.89,266.886536,735.095764,242.777145,39.307064,104.45961,1339.39
2019-04-15,12.86,266.711823,735.195618,241.555588,39.103271,104.517792,1339.62
2019-04-16,12.75,266.886536,738.089722,233.021225,39.395679,104.323853,1340.57
2019-04-17,12.72,266.233643,738.089722,229.783188,39.510868,104.449905,1339.76
2019-04-18,12.74,266.757813,738.189453,232.845612,39.484295,103.819572,1339.12
2019-04-23,12.71,269.388458,743.877747,231.682495,39.315929,103.761414,1340.68
2019-04-24,12.74,268.790558,739.287109,233.155136,38.784271,103.111671,1341.98
2019-04-25,12.76,268.625,736.293213,232.88739,38.731113,102.927444,1341.05
2019-04-26,12.85,269.875946,734.896057,235.472794,38.881741,103.034103,1341.56
2019-04-29,12.78,270.299011,737.091675,232.310028,38.961491,103.3638,1342.77
2019-04-30,12.83,270.436981,735.39502,236.368088,38.926044,103.654739,1343.45
2019-05-01,12.75,268.404236,731.802368,237.355347,38.63364,103.460785,1344.07
2019-05-02,12.7,267.824829,728.509277,236.836609,38.722248,103.257133,1341.65
2019-05-03,12.77,270.446228,731.40332,237.907578,39.183014,103.50927,1343.46
2019-05-07,12.83,264.835449,719.128357,233.364304,37.623493,103.373497,1340.35
2019-05-08,12.8,264.467529,720.325806,233.004547,37.570335,103.431686,1340.11
2019-05-09,12.82,263.667358,714.43811,234.351608,36.976639,103.674118,1336.46
2019-05-10,12.85,264.991913,713.440125,237.489212,37.198174,103.771095,1336.1
2019-05-13,12.97,258.33252,710.346375,237.296783,35.957642,103.780777,1330.87
2019-05-14,12.95,260.668823,718.729248,236.434937,36.462719,103.538338,1333.3
2019-05-15,12.95,262.195679,723.619141,237.765305,36.5336,103.538338,1332.49
2019-05-16,12.86,264.62384,732.002014,239.246323,36.35638,103.286232,1335.48
2019-05-17,12.76,262.913116,730.904358,239.313187,35.700672,103.13105,1335.35
2019-05-20,12.77,261.174744,727.511292,237.664902,35.550037,103.169876,1335.19
2019-05-21,12.73,263.529388,729.806519,239.865479,36.001938,103.121384,1337.71
2019-05-22,12.72,262.720001,729.806519,240.919693,35.824726,103.053505,1336.93
2019-05-23,12.82,259.509918,719.627319,242.149643,35.363956,103.26683,1332.83
2019-05-24,12.83,260.098541,724.317627,243.454926,35.399403,103.548073,1333.77
2019-05-28,12.78,257.679474,722.521606,242.015778,35.523453,103.13105,1334.65
2019-05-29,12.78,255.950348,715.435974,238.752625,35.753838,102.840157,1329.88
2019-05-30,12.87,256.649323,719.427734,238.844666,35.948784,102.849854,1331.57
2019-05-31,13.05,253.190842,713.340149,244.099091,36.072834,103.218353,1326.37
2019-06-03,13.24,252.547043,715.735413,242.333725,36.400688,103.877785,1325.78
2019-06-04,13.24,258.028992,718.729248,240.919693,36.480434,103.96505,1331.17
2019-06-05,13.27,260.264099,719.128357,247.328842,36.188015,103.68383,1333.36
2019-06-06,13.32,261.956512,724.118225,248.081802,36.20575,104.120209,1334.92
2019-06-07,13.4,264.577942,731.303467,248.224091,36.489296,104.643867,1339.28
2019-06-10,13.26,265.791992,735.794128,247.67186,36.870316,104.527481,1343.59
2019-06-11,13.25,265.727661,737.490967,250.190369,37.286781,104.595352,1345.2
2019-06-12,13.32,265.258545,734.397034,250.031387,36.888035,104.236572,1343.77
2019-06-13,13.44,266.353088,724.521484,249.512634,36.826012,104.100792,1344.58
2019-06-14,13.39,266.058746,722.824585,250.332565,36.4184,103.460785,1344.12
2019-06-17,13.4,266.159912,723.822937,252.951431,36.562149,103.538338,1344.37
2019-06-18,13.45,268.94693,732.306702,251.939041,37.446075,103.334709,1348.58
2019-06-19,13.53,269.553925,728.114746,252.390884,37.758572,103.664421,1350.59
2019-06-20,13.89,272.129425,730.809448,253.445099,38.312141,104.236572,1357.36
2019-06-21,13.98,271.733826,729.212708,250.993591,38.187141,104.983253,1358.66
2019-06-24,14.17,271.401093,730.310547,249.33696,38.133568,105.186913,1359.34
2019-06-25,14.22,268.739227,730.709595,246.140717,37.740719,104.944466,1357.08
2019-06-26,14.08,268.47113,730.011108,241.220901,38.097855,104.915382,1356.56
2019-06-27,14.06,269.423187,729.112915,242.922531,38.365711,104.934776,1356.71
2019-06-28,14.1,270.80957,732.007263,245.921509,38.312141,104.99295,1358.42
2019-07-01,13.81,273.268097,739.193665,247.690598,38.76749,104.197784,1361.32
2019-07-02,14.12,273.979767,744.683105,251.51503,38.669277,104.159004,1360.84
2019-07-03,14.14,276.170227,749.773499,254.134842,38.597851,104.129913,1361.97
2019-07-05,13.98,275.856018,744.483643,253.646301,38.330006,103.606232,1361.37
2019-07-08,13.9,274.340271,743.884644,256.038727,38.097855,103.451073,1361.15
2019-07-09,13.94,274.68219,742.287598,257.25177,37.981785,103.441383,1359.32
2019-07-10,14.15,275.99469,742.387451,259.610474,38.303215,103.838974,1361.59
2019-07-11,14.05,276.641724,740.291321,257.748871,38.231781,103.877785,1360.71
2019-07-12,14.13,277.880188,739.892212,256.047119,38.258572,104.023232,1360.98
2019-07-15,14.12,277.972565,742.786926,256.822174,38.401421,103.887459,1361.98
2019-07-16,14.01,277.07605,746.57959,256.333557,38.347862,103.451073,1362.08
2019-07-17,14.23,275.190582,742.387451,255.752319,38.231781,103.586845,1361.12
2019-07-18,14.43,276.198059,738.095764,255.255402,38.463924,104.042633,1358.24
2019-07-19,14.23,274.663757,739.992188,248.423401,38.267502,103.499565,1358.74
2019-07-22,14.23,275.33844,740.990356,246.022568,38.276428,103.422005,1359.89
2019-07-23,14.14,277.30719,744.683105,249.021576,38.321068,102.840157,1361.79
2019-07-24,14.22,278.610321,739.892212,247.454666,38.383568,102.743187,1363.48
2019-07-25,14.12,277.279419,738.79425,251.540344,38.044281,102.830452,1364.29
2019-07-26,14.15,279.137177,745.182068,256.148224,38.124638,102.607399,1365.57
2019-07-29,14.24,278.628876,758.456848,259.315643,38.053211,102.811058,1365.94
2019-07-30,14.29,277.944946,754.164917,258.346893,37.758572,102.908043,1364.47
2019-07-31,14.1,274.904022,748.276245,254.589798,37.294292,102.083748,1365.85
2019-08-01,14.43,272.510254,748.276245,256.830597,36.562149,102.335892,1364.38
2019-08-02,14.39,270.458313,730.210693,257.260223,36.205017,102.461945,1360.69
2019-08-05,14.58,262.324799,712.444702,248.019119,34.865746,103.237747,1351.07
2019-08-06,14.7,266.003326,707.853333,252.239517,35.36573,103.26683,1353.65
2019-08-07,14.93,266.160492,710.148804,253.27565,35.526447,103.315315,1350.08
2019-08-08,15.0,271.382629,722.9245,256.266113,35.963947,103.169876,1356.54
2019-08-09,14.96,269.534088,719.531006,259.054596,35.597885,103.295921,1356.12
2019-08-12,15.11,266.25296,716.836121,263.06427,35.169315,103.392899,1355.46
2019-08-13,15.01,270.393646,719.431213,263.932037,35.615734,103.043777,1358.02
2019-08-14,15.12,262.398773,708.85144,258.852295,34.588963,102.675308,1351.52
2019-08-15,15.21,263.09201,703.162109,263.3591,34.821102,102.500748,1351.76
2019-08-16,15.12,266.973877,708.85144,265.11969,35.303246,102.27771,1354.09
2019-08-19,14.93,270.190247,715.638489,267.689087,35.446095,102.141937,1357.67
2019-08-20,15.05,268.119965,709.250427,265.979004,35.517517,102.345581,1359.22
2019-08-21,15.01,270.301178,717.135498,268.152435,35.856804,102.219528,1363.48
2019-08-22,14.97,270.218018,709.649841,270.401581,35.392525,102.171028,1365.34
2019-08-23,15.27,263.276886,707.054688,265.515808,34.865746,102.704399,1363.99
2019-08-27,15.4,265.143799,706.05658,268.590485,35.115746,102.23893,1366.65
2019-08-28,15.37,267.010834,709.150696,269.348602,35.213955,102.112877,1368.14
2019-08-29,15.26,270.421326,716.237244,270.873322,35.606812,101.928596,1370.52
2019-08-30,15.21,270.301178,717.734436,270.629089,35.883591,101.337059,1371.14
2019-09-03,15.43,268.720734,723.523315,271.774689,35.660378,101.114021,1369.23
2019-09-04,15.52,271.770813,728.314392,274.125031,36.258591,101.695862,1371.08
2019-09-05,15.16,275.264435,725.519531,273.543762,36.6693,101.734657,1373.43
2019-09-06,15.03,275.477081,726.717346,275.514954,36.830009,101.627983,1374.66
2019-09-09,14.97,275.615753,721.826538,274.344055,36.946075,101.841324,1376.41
2019-09-10,14.84,275.551056,725.020508,270.561676,36.972866,101.754059,1377.64
2019-09-11,14.94,277.510468,731.807617,271.404083,37.231789,101.482536,1377.25
2019-09-12,14.96,278.471771,722.918396,272.954102,37.499649,101.977081,1378.22
2019-09-13,14.85,278.286865,725.713501,271.783173,37.713932,102.044975,1376.66
2019-09-16,14.97,277.427216,721.221497,273.18988,37.419296,101.414642,1380.29
2019-09-17,14.99,278.12973,720.822144,276.997589,37.419296,101.996475,1380.22
2019-09-18,14.9,278.296112,719.923706,276.652222,37.267506,101.657074,1379.66
2019-09-19,14.95,278.277527,725.014648,275.405396,37.115726,101.763748,1380.48
2019-09-20,15.14,276.96283,722.619019,271.943237,37.15144,101.531013,1380.51
2019-09-23,15.23,276.897888,721.72052,273.905945,37.187153,101.307983,1380.73
2019-09-24,15.29,274.725037,717.528015,273.914398,36.7943,101.501915,1380.57
2019-09-25,15.02,276.350006,717.727722,275.734009,36.767517,100.842514,1377.63
2019-09-26,15.02,275.774261,723.91687,278.168549,36.758587,100.600052,1377.05
2019-09-27,14.94,274.288574,731.503235,276.549988,36.28537,100.803711,1375.82
2019-09-30,14.72,275.56076,729.706543,276.804199,36.490726,100.425522,1375.53
2019-10-01,14.77,272.28299,724.415833,275.93985,36.231808,100.764915,1374.59
2019-10-02,14.95,267.473145,700.857544,276.194122,35.955025,100.978264,1368.68
2019-10-03,15.03,269.66452,697.463623,278.066895,36.419292,101.084946,1367.35
2019-10-04,15.03,273.313721,705.748962,279.982025,36.580009,101.162506,1369.51
2019-10-07,14.89,272.13443,709.542236,279.278656,36.276443,101.075264,1370.21
2019-10-08,15.02,267.909576,704.151733,277.702423,36.017521,100.900681,1367.8
2019-10-09,15.05,270.453827,706.547546,278.998993,36.294304,101.084946,1369.4
2019-10-10,14.91,272.28299,709.042969,280.47345,36.6693,101.385559,1370.27
2019-10-11,14.82,275.105713,715.132263,277.066803,37.258579,101.705559,1373.4
2019-10-14,14.9,274.799316,712.03772,277.541412,37.097866,101.550415,1374.11
2019-10-15,14.78,277.519928,711.638489,278.236359,37.428219,101.608604,1376.2
2019-10-16,14.86,277.074188,706.747314,279.058258,37.53537,102.00618,1377.45
2019-10-17,14.88,277.891296,708.743774,278.507538,37.678219,102.452278,1378.54
2019-10-18,14.87,276.674988,705.848816,280.744629,37.481792,102.781975,1378.77
2019-10-21,14.8,278.55069,706.846924,281.79541,37.821079,102.655899,1379.58
2019-10-22,14.85,277.640656,712.537109,280.481964,37.847858,102.510437,1379.79
2019-10-23,14.89,278.448517,716.330139,278.236359,37.856792,102.500748,1380.44
2019-10-24,15.0,278.903442,724.116394,276.490723,37.856792,102.209831,1381.34
2019-10-25,15.02,280.045532,722.718872,275.482239,38.124638,102.015884,1382.65
2019-10-28,14.89,281.624084,723.717041,274.041656,38.347862,102.22921,1383.31
2019-10-29,14.85,281.540497,721.221497,273.897614,38.151417,102.306801,1383.15
2019-10-30,14.93,282.404053,724.316101,277.651581,38.321068,102.617111,1381.33
2019-10-31,15.08,281.651917,716.130493,277.210968,38.017498,102.665596,1378.72
2019-11-01,15.09,284.261139,721.221497,275.160248,38.588924,102.820755,1380.55
2019-11-04,15.05,285.403198,727.710083,272.948578,38.972851,102.442558,1383.88
2019-11-05,14.82,285.087524,729.506714,269.753815,39.196064,101.870415,1383.09
2019-11-06,14.87,285.152496,730.205627,269.431854,39.07106,101.860756,1381.83
2019-11-07,14.65,286.155304,731.702881,266.787872,39.356777,101.686165,1381.8
2019-11-08,14.56,286.860931,727.510437,266.864166,38.99963,101.443741,1380.93
2019-11-11,14.52,286.313141,723.018311,265.584625,38.722847,101.550415,1381.65
2019-11-12,14.56,286.916718,726.711731,261.873016,38.472855,101.346771,1381.46
2019-11-13,14.61,287.009521,725.813416,265.381287,38.178215,101.317688,1380.18
2019-11-14,14.66,287.427338,721.520874,266.296417,38.204998,101.434036,1379.69
2019-11-15,14.64,289.507385,722.02002,270.321503,38.508564,101.734657,1379.98
2019-11-18,14.69,289.720795,722.918396,271.931702,38.446068,101.918922,1379.87
2019-11-19,14.68,289.637238,724.615417,273.279053,38.526428,101.909195,1377.75
2019-11-20,14.7,288.56012,719.025269,270.075897,38.356785,101.899529,1376.25
2019-11-21,14.61,288.095917,716.330139,267.143829,38.276428,101.74437,1375.71
2019-11-22,14.59,288.736603,725.513794,263.338989,38.276428,101.414642,1376.36
2019-11-25,14.52,290.974335,732.202087,262.898315,38.660355,101.307983,1378.8
2019-11-26,14.58,291.633606,733.100464,264.601563,38.544277,101.424355,1380.77
2019-11-27,14.51,292.933594,735.496155,265.203308,38.588924,101.201309,1382.16
2019-11-29,14.61,291.847168,728.009338,264.542328,37.981785,101.346771,1382.25
2019-12-02,14.59,289.367981,722.02002,258.220703,37.972855,101.957703,1381.41
2019-12-03,14.74,287.427338,709.442383,259.474823,37.776432,101.899529,1380.33
2019-12-04,14.72,289.200867,712.137451,263.906738,38.062141,101.880119,1383.85
2019-12-05,14.73,289.720795,706.647461,263.686462,38.231781,102.112877,1384.9
2019-12-06,14.57,292.367188,717.428162,264.330444,38.454994,101.72496,1388.17
2019-12-09,14.58,291.447937,716.629639,263.720245,38.303215,101.734657,1389.36
2019-12-10,14.61,291.122955,714.733032,262.330597,38.437134,102.015884,1391.08
2019-12-11,14.71,291.949371,714.63324,258.254517,38.99963,102.413475,1392.78
2019-12-12,14.66,294.465637,714.693909,254.475113,39.678196,102.355301,1396.45
2019-12-13,14.74,294.642059,721.981506,254.653137,39.660343,102.22921,1399.53
2019-12-16,14.72,296.66629,738.95282,255.059814,39.996841,102.452278,1402.38
2019-12-17,14.72,296.731262,738.852966,250.99234,40.36161,102.491043,1405.24
2019-12-18,14.73,296.749817,741.149353,251.187241,40.580467,102.219528,1408.24
2019-12-19,14.76,297.966187,744.742981,253.10231,40.598709,102.287407,1408.71
2019-12-20,14.74,299.272583,745.142395,251.975281,40.680782,101.831627,1409.11
2019-12-23,14.82,299.729767,749.036011,251.526199,40.735489,101.957703,1409.71
2019-12-24,14.96,299.739136,750.832825,252.898972,40.644302,101.909195,1409.81
2019-12-27,15.08,301.260071,752.530029,253.992142,41.100266,102.723793,1411.07
2019-12-30,15.11,299.599152,746.739685,253.975204,40.826694,102.946823,1411.36
2019-12-31,15.15,300.326965,742.946167,256.619324,40.917881,103.082588,1411.39
2020-01-02,15.25,303.13559,748.13739,254.418762,41.74773,102.64621,1413.29
2020-01-03,15.45,300.840057,750.733093,256.909241,40.972599,102.588028,1414.29
2020-01-06,15.62,301.987823,745.54187,255.885757,40.872284,102.849854,1415.42
2020-01-07,15.68,301.138733,745.441956,252.755371,40.844929,102.403778,1416.35
2020-01-08,15.56,302.743744,745.242004,254.214005,41.082027,102.103157,1416.39
2020-01-09,15.47,304.796478,747.238892,255.425201,41.355602,102.083748,1416.95
2020-01-10,15.57,303.919342,746.340332,257.932892,41.574471,102.171028,1417.96
2020-01-13,15.45,306.009613,749.43512,260.577057,42.221928,102.345581,1419.05
2020-01-14,15.44,305.54303,750.333557,257.438232,41.984825,102.22921,1420.18
2020-01-15,15.52,306.233459,752.230347,258.299622,41.656532,102.452278,1421.02
2020-01-16,15.49,308.780914,749.734619,261.029114,41.920998,102.345581,1421.89
2020-01-17,15.53,309.741974,755.025696,263.451447,42.158092,101.928596,1422.1
2020-01-21,15.55,309.135345,749.534912,265.694733,41.091145,101.870415,1421.73
2020-01-22,15.55,309.172729,745.142395,264.287445,41.428551,101.889816,1421.25
2020-01-23,15.59,309.527313,738.95282,266.556183,40.99995,101.579521,1418.26
2020-01-24,15.68,306.774689,747.039185,263.963287,40.671661,101.288582,1416.08
2020-01-27,15.79,301.857269,730.267578,263.511261,39.267307,101.210999,1407.36
2020-01-28,15.65,305.020508,736.656799,263.059113,39.595592,101.2304,1412.98
2020-01-29,15.73,304.768494,736.856323,258.871094,39.787098,101.104332,1414.52
2020-01-30,15.74,305.757629,727.272522,266.232056,39.194355,101.337059,1411.52
2020-01-31,15.83,300.205688,717.489014,264.210602,38.400982,101.860756,1411.45
2020-02-03,15.73,302.43576,721.881592,265.600952,38.829582,101.531013,1412.63
2020-02-04,15.51,307.045258,732.463684,265.762939,39.832691,101.395233,1415.39
2020-02-05,15.54,310.591034,736.057678,264.432373,40.060677,101.007355,1418.19
2020-02-06,15.63,311.636139,739.551819,268.458344,40.097149,100.803711,1420.64
2020-02-07,15.67,309.975189,735.458801,268.501007,39.540878,100.512779,1420.33
2020-02-10,15.69,312.289307,733.462036,270.676025,39.759743,100.192787,1420.65
2020-02-11,15.65,312.830475,738.054321,271.093933,40.279533,100.270363,1424.82
2020-02-12,15.63,314.846008,741.848022,272.245361,40.826694,99.863091,1426.42
2020-02-13,15.72,314.51001,735.75824,274.232819,40.288658,99.552773,1427.15
2020-02-14,15.79,315.013947,731.166077,276.501587,40.306896,99.504265,1427.35
2020-02-18,15.99,314.202148,728.270996,276.288422,40.042435,99.116364,1427.36
2020-02-19,16.09,315.704407,735.75824,274.335175,40.334255,99.232742,1428.9
2020-02-20,16.16,314.407379,734.859741,278.156372,39.705021,99.067894,1429.08
2020-02-21,16.4,311.169556,732.064514,280.647003,39.477047,99.601234,1428.24
2020-02-24,16.559999,300.849457,707.106506,277.900482,37.999729,99.601234,1417.92
2020-02-25,16.25,291.733154,692.63092,271.162201,37.698803,99.863091,1414.54
2020-02-26,16.32,290.660034,695.426331,270.334778,37.999729,99.882477,1411.77
2020-02-27,16.32,277.606018,675.559875,253.062576,37.087818,100.881271,1399.11
2020-02-28,15.73,276.439667,652.698364,241.692673,36.951031,101.337059,1389.09
2020-03-02,15.81,288.411285,660.585266,250.290451,37.753513,102.171028,1396.03
2020-03-03,16.309999,280.153351,667.173889,248.968369,37.498177,102.607399,1404.37
2020-03-04,16.34,291.929047,676.458313,258.33374,38.163872,102.219528,1411.61
2020-03-05,16.690001,282.224823,667.173889,253.395111,37.361385,103.053505,1403.2
2020-03-06,16.690001,277.559357,643.314148,251.330994,36.595375,103.751701,1383.25
2020-03-09,16.73,255.883591,593.298584,238.178467,34.096714,105.080246,1333.31
2020-03-10,16.4,269.124146,592.100525,250.904556,35.829361,103.68383,1337.71
2020-03-11,16.33,256.004822,584.114075,236.72847,34.160553,103.402588,1321.7
2020-03-12,15.67,231.510986,516.88385,224.079178,30.740839,102.607399,1278.05
2020-03-13,15.19,251.302002,528.265991,235.184616,32.956814,101.977081,1282.37
2020-03-16,15.04,223.803574,507.298981,190.779922,28.844051,102.510437,1237.61
2020-03-17,15.25,235.887177,519.180237,201.356537,30.832039,100.939484,1226.31
2020-03-18,14.93,223.943588,499.611084,175.921509,28.16923,100.008537,1183.48
2020-03-19,14.65,224.419434,507.698303,178.326843,28.38809,97.952705,1152.98
2020-03-20,14.86,214.74826,511.392517,167.46019,28.597832,97.846008,1147.08
2020-03-23,15.49,209.257553,492.023071,155.433563,27.913891,98.360001,1121.21
2020-03-24,16.360001,228.216934,536.153503,160.363632,30.011307,98.835144,1132.92
2020-03-25,16.120001,231.633408,560.515076,171.247284,31.069139,99.843681,1152.69
2020-03-26,16.4,245.158417,572.495972,186.540741,32.245518,101.395233,1191.63
2020-03-27,16.290001,237.856201,543.941101,194.98497,30.412548,101.977081,1208.84
2020-03-30,16.24,245.580841,548.433899,194.113846,30.914118,101.337059,1218.44
2020-03-31,15.72,241.920273,557.120239,189.577576,31.123856,101.14312,1226.17
2020-04-01,15.87,231.032669,535.853943,172.430878,29.792448,100.396423,1210.31
2020-04-02,16.18,236.363876,538.449707,167.39534,30.795559,99.504265,1206.53
2020-04-03,16.18,232.947403,532.259521,164.287933,30.211935,99.193947,1196.36
2020-04-06,16.65,248.593643,548.633789,183.009888,31.862511,99.009712,1201.0
2020-04-07,16.540001,248.847031,560.315186,184.748611,32.026646,99.998856,1216.87
2020-04-08,16.42,257.20047,558.61792,201.525131,32.354942,99.523666,1220.85
2020-04-09,16.790001,261.11438,573.694092,212.577545,32.236401,100.250969,1259.48
2020-04-14,17.25,266.361115,569.001465,217.449539,33.020645,100.716438,1289.41
2020-04-15,17.190001,260.701416,549.033142,211.234711,32.172562,100.018242,1282.51
2020-04-16,17.139999,261.959076,554.025269,211.776978,32.345825,99.436409,1283.5
2020-04-17,16.82,269.036072,569.40094,224.525101,33.066238,99.649727,1291.96
2020-04-20,17.030001,264.296143,572.495972,208.222015,32.646755,99.504265,1286.05
2020-04-21,16.82,256.27124,554.124939,205.544968,31.743959,99.54306,1269.97
2020-04-22,17.15,261.959076,568.003113,210.649368,32.610279,99.164864,1270.09
2020-04-23,17.299999,261.940338,573.394592,207.662491,32.491734,98.81575,1268.63
2020-04-24,17.23,265.591461,566.205872,207.972397,32.446133,99.08728,1262.53
2020-04-27,17.129999,269.420746,575.291687,216.97612,33.102718,99.242462,1261.55
2020-04-28,17.030001,268.181946,586.274353,213.007904,33.166553,99.271538,1263.15
2020-04-29,17.120001,275.202515,601.250488,214.522888,34.13319,99.630341,1268.68
2020-04-30,16.84,272.640137,580.882813,210.115692,33.412777,100.406128,1272.77
2020-05-01,16.959999,265.422485,566.405579,203.840637,32.209038,100.580666,1269.22
2020-05-04,17.01,266.15448,564.608459,208.557678,32.555573,99.824287,1267.26
2020-05-05,17.07,268.613586,574.692505,210.477234,32.737946,99.397614,1274.82
2020-05-06,16.84,266.792755,574.692505,207.783005,32.637646,98.883652,1276.31
2020-05-07,17.110001,270.012146,583.877991,214.385162,32.902096,99.213348,1279.23
2020-05-11,16.93,274.536163,584.477112,209.099945,33.376301,99.08728,1281.51
2020-05-12,16.98,269.06424,589.668945,197.892654,33.248623,99.387917,1287.56
2020-05-13,17.120001,264.305542,580.183899,198.650177,33.184788,99.077591,1281.54
2020-05-14,17.280001,267.468567,566.006226,193.683472,33.312466,98.941818,1273.06
2020-05-15,17.389999,268.69809,571.897034,195.009064,32.856506,99.096992,1272.21
2020-05-18,17.25,276.882538,595.958862,207.102997,34.142307,100.027939,1286.82
2020-05-19,17.43,274.038696,591.66571,198.830933,33.868732,100.086113,1290.77
2020-05-20,17.51,278.694031,597.756165,203.022903,34.315578,100.561279,1300.52
2020-05-21,17.209999,276.77002,592.763977,202.652786,33.923447,100.289749,1305.18
2020-05-22,17.299999,277.295532,590.267944,203.496323,33.221272,99.87278,1306.93
2020-05-26,17.049999,280.712006,597.955872,212.792755,33.950798,100.551598,1320.74
2020-05-27,17.1,284.888763,604.944885,213.507156,34.060234,100.716438,1325.94
2020-05-28,17.16,284.363068,612.832336,214.213013,33.823135,101.375862,1331.76
2020-05-29,17.27,285.630188,597.855896,208.970886,34.406761,101.608604,1330.75
2020-06-01,17.370001,286.784668,607.940186,212.534515,35.200142,101.957703,1334.9
2020-06-02,17.24,289.159302,612.732422,212.431198,36.039101,102.23893,1345.31
2020-06-03,16.92,293.007477,628.707275,217.828278,36.878071,102.956528,1358.96
2020-06-04,17.110001,292.237823,624.513855,215.607483,36.35828,103.72261,1360.43
2020-06-05,16.76,299.727783,638.591614,225.971222,37.3158,103.3638,1375.0
2020-06-08,16.950001,303.350708,636.994019,237.746674,37.543777,103.431686,1378.95
2020-06-09,17.110001,301.088715,623.715088,230.722717,37.288433,103.771095,1374.07
2020-06-10,17.35,299.4086,622.317505,224.060272,37.562016,104.275345,1370.64
2020-06-11,17.23,282.148102,594.701538,211.828674,35.601387,103.441383,1350.44
2020-06-12,17.27,285.526886,597.098145,214.918823,36.35828,103.014709,1354.32
2020-06-15,17.200001,288.192535,593.303772,210.580536,36.02808,103.577148,1352.9
2020-06-16,17.209999,293.739563,611.27655,216.562912,36.257385,103.063194,1371.76
2020-06-17,17.25,292.519348,612.574646,209.254944,36.605923,102.869255,1371.45
2020-06-18,17.23,292.631989,608.680481,209.108597,36.624275,102.520149,1366.2
2020-06-19,17.4,290.959625,615.769897,201.232498,36.615097,102.384384,1366.0
2020-06-22,17.5,292.826202,611.076965,201.060349,37.064533,102.985603,1365.37
2020-06-23,17.66,294.174316,618.266113,199.915527,37.422241,103.441383,1366.21
2020-06-24,17.610001,286.670258,599.594299,196.059235,36.926949,102.975922,1357.69
2020-06-25,17.59,289.743561,601.890747,197.341766,37.082874,102.694695,1352.96
2020-06-26,17.67,282.861664,603.18866,193.494095,36.633438,102.723793,1348.85
2020-06-29,17.68,287.019043,609.379395,196.724319,36.798538,102.801361,1343.33
2020-06-30,17.780001,290.695709,603.488525,199.104874,36.679302,102.781975,1343.96
2020-07-01,17.68,292.731964,602.989136,207.966721,37.092049,102.937119,1348.0
2020-07-02,17.709999,294.343964,611.176819,205.95108,37.935886,102.830452,1354.8
2020-07-06,17.809999,298.887848,615.769897,204.343811,39.56852,103.480164,1361.87
2020-07-07,17.93,295.805176,606.58374,198.192612,38.908123,103.111671,1362.57
2020-07-08,18.049999,298.06778,602.789551,197.15004,39.917057,103.68383,1361.78
2020-07-09,17.99,296.37088,593.503601,194.543625,39.917057,103.247444,1359.72
2020-07-10,17.950001,299.397003,597.697266,195.768661,39.660244,103.373497,1358.76
2020-07-13,17.969999,296.804474,605.984863,195.386353,39.394253,103.800201,1364.06
2020-07-14,18.049999,300.650757,605.884888,198.349014,39.44928,104.18808,1362.55
2020-07-15,18.07,303.412964,617.167664,196.585297,39.56852,104.372337,1371.0
2020-07-16,17.9,302.413666,612.974182,194.83902,39.009022,104.120209,1372.79
2020-07-17,18.049999,303.290375,616.668396,193.892044,39.229156,104.624474,1374.96
2020-07-20,18.129999,305.741425,613.972656,187.00238,39.733616,104.711731,1381.29
2020-07-21,18.360001,306.391907,614.571594,187.419418,40.100506,105.400253,1390.4
2020-07-22,18.639999,308.135956,608.980103,191.858963,39.926228,105.875412,1394.07
2020-07-23,18.82,304.459381,609.479431,187.949387,39.605213,106.030579,1395.67
2020-07-24,18.98,302.498535,601.191895,186.029312,39.56852,106.457245,1395.83
2020-07-27,19.34,304.704468,599.294678,184.673965,40.183048,107.397903,1397.64
2020-07-28,19.530001,302.771942,601.990784,189.426331,39.852856,107.116684,1397.91
2020-07-29,19.639999,306.495636,602.290039,190.399384,40.494904,107.669411,1402.56
2020-07-30,19.5,305.4021,588.710754,191.676575,39.981266,108.309441,1405.29
2020-07-31,19.690001,307.815338,579.92395,191.780823,39.706104,107.698532,1408.17
2020-08-03,19.700001,309.955444,592.505066,186.133575,39.981266,107.523956,1411.29
2020-08-04,20.110001,311.152649,593.004272,186.159637,40.513248,107.892464,1411.25
2020-08-05,20.299999,313.085205,599.594299,188.852966,40.95351,108.425812,1415.6
2020-08-06,20.57,315.177917,593.303772,191.120529,41.081921,108.551888,1415.79
2020-08-07,20.25,315.404266,593.603455,193.909393,40.238083,107.73732,1416.33
2020-08-10,20.190001,316.347046,595.600281,194.161346,40.338974,107.32032,1416.62
2020-08-11,19.08,313.735748,605.08606,190.729553,40.228912,107.271835,1417.89
2020-08-12,19.030001,318.109863,617.5672,192.189178,40.770073,107.746994,1415.33
2020-08-13,19.469999,317.53479,610.278198,187.688766,40.650829,107.931252,1412.29
2020-08-14,19.360001,317.54425,601.191895,190.399384,40.577457,108.18338,1408.92
2020-08-17,19.77,318.552948,604.387024,191.355118,41.091084,108.483986,1408.58
2020-08-18,19.969999,319.241119,599.494446,190.034531,41.045231,109.075554,1409.63
2020-08-19,19.34,317.911926,602.789551,183.057968,40.540764,108.260941,1410.16
2020-08-20,19.459999,318.901764,594.302185,184.630508,40.412361,108.406425,1409.56
2020-08-21,19.32,320.03302,593.303772,185.073608,40.61414,107.76638,1410.18
2020-08-24,19.200001,323.27594,602.490051,186.915512,41.063576,107.746994,1414.3
2020-08-25,19.219999,324.407227,595.600281,187.688766,41.476318,108.0961,1417.98
2020-08-26,19.459999,327.659546,597.098145,184.882477,41.586388,108.067009,1418.97
2020-08-27,19.23,328.376038,593.104126,188.218689,41.237843,107.989449,1420.18
2020-08-28,19.57,330.497131,589.110168,191.693954,41.778996,108.707054,1421.21
2020-09-01,19.639999,332.401428,579.524658,186.976303,41.549694,108.82341,1423.72
2020-09-02,19.379999,337.20929,587.212952,191.989334,41.439632,108.241577,1426.43
2020-09-03,19.23,325.604431,578.42627,192.823425,40.650829,108.290039,1424.19
2020-09-04,19.27,322.945953,573.533752,194.83902,40.669174,108.173698,1419.54
2020-09-08,19.25,314.122162,585.815063,192.501953,39.962921,107.591866,1415.51
2020-09-09,19.42,320.325287,594.60199,189.843369,40.559109,107.824577,1417.55
2020-09-10,19.360001,314.763245,593.603455,187.653961,39.907883,107.940941,1418.08
2020-09-11,19.360001,314.923584,595.899902,185.238693,40.293114,108.154289,1416.34
2020-09-14,19.51,319.071381,596.099609,193.21434,40.94434,108.348228,1417.0
2020-09-15,19.459999,320.683533,603.588257,188.001495,41.375423,108.193085,1418.37
2020-09-16,19.51,319.410828,600.992188,190.755615,41.320396,107.76638,1420.65
2020-09-17,19.42,316.601501,592.661255,188.079681,41.1553,108.193085,1418.91
2020-09-18,19.440001,312.956543,587.868042,183.700912,40.834267,108.193085,1418.26
2020-09-21,19.049999,309.47348,568.894897,177.506287,40.458214,107.426987,1408.44
2020-09-22,18.959999,312.625244,570.492676,180.260422,40.155537,106.922729,1406.41
2020-09-23,18.540001,305.375214,577.382996,175.438507,39.53183,106.496033,1404.14
2020-09-24,18.620001,306.189178,570.89209,172.875549,39.348389,106.544533,1396.5
2020-09-25,18.57,311.139374,572.389893,177.33255,39.385078,106.127556,1395.96
2020-09-28,18.75,316.307159,580.578369,180.295151,39.825336,106.525162,1401.59
2020-09-29,18.9,314.584503,577.582642,175.168274,39.797817,107.165161,1402.73
2020-09-30,18.799999,316.969666,575.086182,176.212601,40.439869,107.029404,1407.21
2020-10-01,18.969999,319.004669,577.083313,181.504517,40.815926,107.242752,1409.46
2020-10-02,18.950001,315.975922,579.080444,186.138229,40.348145,106.883949,1408.28
2020-10-05,19.040001,321.579102,583.274658,187.279083,40.889309,107.572464,1414.76
2020-10-06,18.809999,317.007538,584.273071,184.971008,40.962677,107.233047,1420.08
2020-10-07,18.799999,322.525696,584.373108,184.655075,41.412113,107.330002,1420.79
2020-10-08,18.870001,325.383972,587.169128,189.543259,41.751488,107.300926,1424.21
2020-10-09,19.219999,328.289642,590.963623,189.07814,42.035824,107.911858,1426.38
2020-10-12,19.17,333.571106,589.565613,190.394547,42.402702,107.785789,1427.07
2020-10-13,18.860001,331.394196,586.569885,183.847672,42.228436,107.223343,1429.67
2020-10-14,18.9,329.31189,583.274658,181.565933,41.944099,107.242752,1429.07
2020-10-15,18.99,328.904877,573.488403,179.635208,41.641418,106.816063,1424.21
2020-10-16,18.93,328.706177,581.976318,177.30957,41.788174,106.932419,1426.51
2020-10-19,18.93,323.70871,579.18042,174.694351,41.668934,107.388191,1427.98
2020-10-20,19.02,325.005432,578.481323,175.387665,42.127537,107.882751,1428.37
2020-10-21,19.17,324.390167,567.996094,175.457855,42.24678,108.202766,1427.92
2020-10-22,18.98,326.169556,568.894897,177.73085,42.237602,107.853653,1428.02
2020-10-23,18.969999,327.276978,576.18457,178.353928,42.485256,108.212486,1429.16
2020-10-26,18.940001,321.228912,569.49408,174.659271,41.934929,107.727585,1424.93
2020-10-27,19.01,320.121521,563.103088,171.429703,42.118366,107.746994,1423.75
2020-10-28,18.700001,309.180145,549.522278,163.513794,41.063576,107.155449,1413.88
2020-10-29,18.620001,312.322479,549.02301,173.395508,41.476318,106.525162,1414.12
2020-10-30,18.709999,309.066498,549.02301,179.54747,41.008541,106.224518,1413.76
2020-11-02,18.870001,312.53067,556.712219,190.438446,41.531353,106.156654,1417.13
2020-11-03,18.99,318.048676,568.894897,196.607925,41.714794,106.748177,1423.26
2020-11-04,18.969999,325.15683,578.980591,197.89801,43.026409,106.767578,1436.01
2020-11-05,19.43,331.498352,580.678223,198.450912,43.760178,107.843987,1445.08
2020-11-06,19.450001,331.422546,581.676819,199.354828,43.961964,108.309441,1443.74
2020-11-09,18.59,335.587189,609.137878,223.304428,44.264648,107.688805,1461.0
2020-11-10,18.66,335.094971,619.023926,227.244843,43.760178,107.669411,1457.03
2020-11-11,18.57,337.584259,628.011169,216.546936,44.04451,107.397903,1457.26
2020-11-12,18.68,334.309387,623.118103,216.924286,43.714317,107.640335,1450.85
2020-11-13,18.799999,338.937775,621.021118,223.708099,44.328854,107.87307,1450.4
2020-11-16,18.799999,343.168488,631.406494,230.764008,44.879173,108.047623,1455.56
2020-11-17,18.74,341.322845,626.113831,228.175095,44.833317,108.154289,1457.18
2020-11-18,18.620001,337.215027,627.512024,223.085007,44.677387,108.047623,1459.91
2020-11-19,18.59,338.634827,623.317932,223.041138,44.750763,108.290039,1459.05
2020-11-20,18.65,336.315918,624.815735,222.997253,44.998425,108.086411,1459.42
2020-11-23,18.280001,338.33197,623.5177,221.566788,45.117649,107.892464,1462.37
2020-11-24,17.99,343.783691,632.40509,226.007462,45.723011,108.425812,1468.3
2020-11-25,17.98,343.253754,628.710205,223.260544,45.466198,108.707054,1468.12
2020-11-27,17.799999,344.209686,628.909912,219.407898,45.897278,109.007675,1469.04
2020-11-30,17.690001,342.685852,617.22644,215.783447,44.695732,108.736115,1470.38
2020-12-01,18.059999,346.433868,629.409241,216.36264,45.57626,110.045265,1473.67
2020-12-02,18.200001,347.16272,637.098267,218.258224,45.640465,110.307091,1475.8
2020-12-03,18.34,347.068054,639.495056,218.389893,46.163277,110.714371,1479.54
2020-12-04,18.299999,350.05896,645.586365,221.794922,46.640224,110.549522,1482.5
2020-12-07,18.559999,349.339569,646.185608,222.031906,46.640224,110.355591,1484.2
2020-12-08,18.629999,350.361847,646.684753,221.58432,46.658569,110.355591,1485.3
2020-12-09,18.309999,347.219513,647.283997,219.557068,46.254997,110.074371,1484.71
2020-12-10,18.27,347.105927,647.717834,215.370941,46.851177,110.675606,1484.79
2020-12-11,18.309999,346.698914,642.325073,214.080872,46.520988,110.404076,1484.31
2020-12-14,18.200001,345.146667,641.027039,210.851334,46.279118,110.704704,1486.19
2020-12-15,18.459999,349.812927,639.529053,212.790802,46.77953,110.791946,1486.82
2020-12-16,18.57,350.361847,644.921753,211.088287,47.001938,111.034401,1487.48
2020-12-17,18.76,352.321014,643.52356,212.246674,47.307747,111.742302,1488.67
2020-12-18,18.719999,350.914307,641.226746,205.682266,47.252151,111.567749,1489.37
2020-12-21,18.67,349.659607,630.541199,205.208405,46.557125,111.431999,1485.15
2020-12-22,18.530001,349.07019,634.735596,205.998199,46.186451,110.73378,1487.2
2020-12-23,18.639999,349.384033,638.530273,202.935394,46.659061,111.092583,1488.92
2020-12-24,18.709999,350.743164,640.128235,205.576965,46.455189,111.005302,1489.88
2020-12-29,18.709999,353.081451,649.315674,206.094757,47.279949,111.558052,1496.53
2020-12-30,18.870001,353.585236,645.221252,209.175125,47.910099,111.975029,1497.48
2020-12-31,18.940001,355.381836,635.334656,210.191437,47.882298,111.267128,1498.42
2021-01-04,19.35,350.543579,645.920288,202.073135,48.18811,111.577454,1498.02
2021-01-05,19.41,352.957916,650.114746,201.161224,49.346474,111.945946,1498.31
2021-01-06,19.1,355.068085,672.084778,209.527466,48.929466,112.236855,1499.91
2021-01-07,19.049999,360.343475,674.481384,204.950394,49.392811,111.693794,1501.01
2021-01-08,18.41,362.396637,676.278992,207.066269,50.699451,111.325317,1501.87
2021-01-11,18.379999,359.953796,668.189941,204.755615,50.013695,110.63681,1499.92
2021-01-12,18.49,360.029816,664.395203,205.764877,50.504841,111.121658,1498.46
2021-01-13,18.4,360.999298,663.196716,209.235306,50.616047,110.6465,1500.52
2021-01-14,18.4,359.735107,669.088745,209.890457,51.088661,110.73378,1503.05
2021-01-15,18.18,357.111694,662.098328,212.935974,50.365837,109.94828,1503.92
2021-01-19,18.309999,359.91571,660.200928,209.978973,51.199863,110.413773,1505.73
2021-01-20,18.629999,364.896515,663.296631,216.716217,52.098759,110.210121,1508.17
2021-01-21,18.620001,365.229187,660.600464,217.079208,52.191433,110.791946,1508.42
2021-01-22,18.469999,363.936401,658.103699,215.529922,51.73735,110.743462,1505.03
2021-01-25,18.469999,365.371796,653.010681,214.79509,52.12656,110.491356,1505.75
2021-01-26,18.440001,364.801483,654.308838,215.813217,51.746613,110.753174,1506.1
2021-01-27,18.34,355.88559,645.720581,211.758469,50.310242,110.18103,1503.36
2021-01-28,18.33,358.946198,642.225403,215.459076,50.66238,110.355591,1505.23
2021-01-29,18.35,351.760254,629.143127,212.130264,49.402081,110.423477,1503.92
2021-02-01,18.52,357.615509,635.234924,214.308197,50.736519,109.705856,1505.01
2021-02-02,18.27,362.672211,640.427795,216.185028,51.394466,109.560387,1507.47
2021-02-03,18.25,362.957397,639.529053,219.726303,51.653942,109.492523,1510.51
2021-02-04,17.85,367.082642,639.628906,223.568588,51.672474,108.881577,1512.6
2021-02-05,18.040001,368.527435,637.931274,228.499771,52.117294,109.628281,1514.71
2021-02-08,18.23,371.188995,640.927185,230.686478,52.209961,109.667068,1516.74
2021-02-09,18.27,370.941833,641.92572,229.588699,52.76598,110.239227,1517.77
2021-02-10,18.34,370.780182,641.027039,236.989975,52.951317,110.277992,1518.7
2021-02-11,18.17,371.379059,641.62616,240.451492,53.516602,110.374977,1519.48
2021-02-12,18.120001,373.213623,647.418335,238.459579,53.562935,110.239227,1519.18
2021-02-16,17.860001,372.890381,662.897156,237.388397,53.692673,110.190727,1519.54
2021-02-17,17.66,372.975922,659.202271,236.17543,53.711205,109.531326,1518.91
2021-02-18,17.66,371.38858,651.912231,234.351715,52.969849,109.977394,1518.02
2021-02-19,17.75,370.732666,652.111816,233.625763,53.312729,110.210121,1518.46
2021-02-22,18.0,367.881104,650.613831,233.82933,51.746613,110.520454,1517.16
2021-02-23,17.950001,368.32785,652.311646,238.300217,51.978287,110.501038,1516.16
2021-02-24,17.950001,372.386566,655.607178,239.150085,51.64468,110.63681,1516.34
2021-02-25,17.620001,363.413666,656.006531,231.111435,50.467773,110.63681,1511.89
2021-02-26,17.190001,361.541138,639.329346,225.569382,49.791294,109.715553,1508.48
2021-03-01,17.16,370.304962,649.515442,230.155304,51.125729,109.550697,1512.41
2021-03-02,17.24,367.415405,652.011963,231.748886,50.625313,109.94828,1513.88
2021-03-03,17.059999,362.548737,658.303467,236.609314,50.52338,109.676773,1512.56
2021-03-04,16.889999,358.062286,657.704346,232.147278,49.346474,108.833115,1509.93
2021-03-05,16.9,364.649384,655.107727,234.511078,49.883961,108.338539,1506.33
2021-03-08,16.719999,362.833862,663.696167,241.257172,48.540253,107.717926,1505.69
2021-03-09,17.08,368.014221,664.994385,241.628983,49.605946,108.222176,1504.37
2021-03-10,17.16,370.304962,664.694702,241.398788,49.383549,108.435516,1504.07
2021-03-11,17.15,374.059509,660.955627,245.329559,50.940388,109.027046,1509.19
2021-03-12,17.16,374.563293,663.55249,254.829071,50.032234,108.72644,1505.77
2021-03-15,17.23,376.796967,661.854675,260.070038,50.152702,108.445213,1505.66
2021-03-16,17.25,376.321808,667.047974,253.642746,50.365837,108.212486,1505.61
2021-03-17,17.360001,377.60498,663.352661,253.270905,50.430702,108.891273,1502.04
2021-03-18,17.280001,372.110931,665.350159,253.200043,49.504017,108.251251,1498.49
2021-03-19,17.33,371.422424,658.159302,243.762634,50.115631,108.202766,1497.81
2021-03-22,17.309999,374.388214,660.65625,244.329178,49.967361,108.474327,1502.34
2021-03-23,17.18,371.441528,658.35907,244.532822,49.012863,107.669411,1504.31
2021-03-24,17.24,369.553314,659.35791,244.603683,47.891563,107.349411,1507.05
2021-03-25,17.200001,371.632263,655.962097,246.002487,48.113968,106.932419,1506.75
2021-03-26,17.24,377.621063,662.653625,251.721497,49.365009,107.203972,1507.9
2021-03-29,17.02,377.430389,661.854675,246.843491,49.022141,106.932419,1508.77
2021-03-30,16.75,376.429077,665.250183,248.083313,49.179672,106.496033,1508.52
2021-03-31,16.99,377.954803,660.056824,242.481613,49.429878,106.544533,1511.97
2021-04-01,17.200001,382.036407,662.05426,246.62941,49.911758,107.019707,1514.81
2021-04-06,17.33,387.290924,669.844482,246.067429,50.384373,107.863358,1520.33
2021-04-07,17.299999,387.739136,675.736816,252.284698,49.643021,107.863358,1521.9
2021-04-08,17.48,389.579681,682.428345,251.169724,50.050758,108.231865,1523.68
2021-04-09,17.34,392.411926,679.631897,252.730713,49.624485,108.115494,1522.81
2021-04-12,17.23,392.555054,677.434692,253.078583,49.327938,108.154289,1521.87
2021-04-13,17.370001,393.718445,677.035278,255.487015,49.531815,108.600365,1520.62
2021-04-14,17.280001,392.373749,681.829163,251.018051,49.782028,108.82341,1522.17
2021-04-15,17.57,396.588928,687.322144,257.93103,50.236103,108.784615,1525.45
2021-04-16,17.68,397.914459,690.517944,258.225433,50.365837,108.804001,1526.35
2021-04-19,17.620001,395.959534,688.220886,259.188782,50.180504,109.337364,1525.51
2021-04-20,17.700001,393.060516,674.538391,263.024384,49.772758,109.288864,1522.91
2021-04-21,17.870001,396.779633,678.133789,264.933289,50.078568,109.279182,1522.99
2021-04-22,17.74,393.155792,682.428345,262.569427,49.902493,109.085236,1524.2
2021-04-23,17.68,397.41861,683.027527,265.227631,50.625313,109.880417,1525.54
2021-04-26,17.73,398.248199,685.224731,264.817383,50.690182,109.773735,1526.87
2021-04-27,17.690001,398.162354,683.227417,264.960022,50.66238,109.783455,1527.12
2021-04-28,17.74,398.047943,685.025085,255.977615,51.042328,110.132538,1526.97
2021-04-29,17.67,400.584656,685.124878,255.263977,50.92186,110.122856,1527.81
2021-04-30,17.6,397.952576,686.622864,259.144135,50.022964,109.172493,1528.55
2021-05-04,17.690001,396.350464,681.928955,253.025055,49.457676,109.075554,1529.13
2021-05-05,17.780001,396.474457,693.2146,250.563126,49.68935,108.95916,1530.78
2021-05-06,18.07,399.640594,696.909851,254.479034,50.161972,109.511917,1531.28
2021-05-07,18.219999,402.549103,702.40271,257.681305,50.680916,110.481651,1532.78
2021-05-10,18.290001,398.562958,702.003357,259.893463,49.772758,110.219826,1533.59
2021-05-11,18.299999,395.005829,684.525696,259.153137,49.633755,110.287712,1529.6
2021-05-12,18.120001,386.613861,689.319641,250.893188,48.262245,109.589485,1527.29
2021-05-13,18.190001,391.258026,686.622864,256.807159,48.197372,109.705856,1527.06
2021-05-14,18.34,397.266022,694.712708,257.226349,49.068466,110.190727,1528.68
2021-05-17,18.57,396.255127,693.114624,257.012329,49.022141,110.345894,1528.87
2021-05-18,18.610001,392.841156,693.414307,259.438538,49.680084,110.966515,1528.79
2021-05-19,18.610001,391.811218,685.723938,254.505798,49.531815,110.471954,1525.08
2021-05-20,18.690001,396.026306,693.813782,257.351288,49.819092,110.976212,1525.96
2021-05-21,18.700001,395.702026,693.2146,257.003387,49.244537,110.568909,1527.33
2021-05-24,18.75,399.73587,696.310608,260.785431,49.652287,110.850143,1528.49
2021-05-25,18.91,398.848999,694.412964,261.222565,50.143436,111.131378,1530.07
2021-05-26,18.870001,399.640594,694.013428,261.391998,50.514111,110.627098,1530.69
2021-05-27,18.889999,399.850372,693.414307,260.018311,50.52338,110.694984,1531.78
2021-05-28,18.950001,400.565613,694.113342,263.399078,50.847717,110.59803,1532.5
2021-06-01,18.9,400.212708,698.807434,269.339752,51.894886,110.879234,1533.95
2021-06-02,19.0,400.842133,701.503906,274.88797,51.978287,110.762856,1536.1
2021-06-03,18.629999,399.354492,697.309326,274.575775,51.422279,110.054962,1535.83
2021-06-04,18.83,403.006897,698.308044,272.212036,51.885616,110.384682,1537.63
2021-06-07,18.91,402.615906,699.406616,277.073395,51.626144,110.588318,1538.72
2021-06-08,18.85,402.701691,701.004578,278.366852,51.375935,110.413773,1540.79
2021-06-09,18.809999,402.100922,699.007202,276.55603,51.227661,110.442856,1543.33
2021-06-10,18.879999,403.970062,700.205566,280.124054,51.63813,110.384682,1544.04
2021-06-11,18.68,404.637604,704.600037,280.186432,51.461277,109.812515,1545.03
2021-06-14,18.57,405.543549,706.197998,281.337158,51.600891,109.899811,1545.6
2021-06-15,18.5,404.799713,708.794739,277.474823,51.247215,109.94828,1545.93
2021-06-16,18.190001,402.539612,710.891968,275.64621,50.549149,108.86219,1545.4
2021-06-17,17.629999,402.406097,700.385437,275.316132,50.828373,107.911858,1544.06
2021-06-18,17.540001,396.977509,686.202026,268.644012,50.474686,107.582146,1543.29
2021-06-21,17.75,402.660583,690.996338,274.88797,50.688759,108.057312,1544.83
2021-06-22,17.68,404.813293,693.593384,272.925537,50.456066,108.270653,1545.35
2021-06-23,17.65,404.325348,691.895325,274.147644,50.763222,108.0961,1546.55
2021-06-24,17.66,406.717255,695.890686,273.157593,51.2286,108.193085,1548.22
2021-06-25,17.709999,408.161896,697.588745,274.156616,51.656746,108.212486,1549.4
2021-06-28,17.709999,408.984772,691.995178,272.640137,51.703274,108.086411,1550.75
2021-06-29,17.530001,409.204834,693.393677,271.355804,51.66605,107.863358,1552.08
2021-06-30,17.6,409.549255,687.800049,269.451721,51.330978,107.456078,1553.91
2021-07-01,17.67,411.816742,696.689819,272.972504,51.042446,107.388191,1555.48
2021-07-02,17.780001,414.964447,696.290161,274.705841,50.986599,107.504578,1556.63
2021-07-06,17.870001,414.208679,694.692139,277.355408,50.093075,107.136078,1558.95
2021-07-07,17.950001,415.672577,699.986023,281.010834,50.037231,106.86454,1560.48
2021-07-08,17.93,412.285614,689.198425,282.600586,48.994789,107.339729,1558.72
2021-07-09,17.99,416.686676,696.989441,287.621155,49.841774,107.611237,1559.59
2021-07-12,17.969999,418.179169,697.189148,291.114929,49.888309,107.436691,1560.45
2021-07-13,18.0,416.753662,697.089233,287.881622,49.934849,106.651199,1559.9
2021-07-14,18.18,417.375488,694.192688,292.345459,50.148926,107.203972,1559.41
2021-07-15,18.200001,415.949951,686.701355,293.674713,50.26992,107.000305,1557.94
2021-07-16,18.01,412.687347,686.102173,294.887177,49.879005,106.90332,1556.86
2021-07-19,18.02,406.592896,670.22052,289.83963,49.041328,106.845154,1549.14
2021-07-20,18.0,412.419525,673.916199,297.042694,49.199558,106.719086,1552.07
2021-07-21,17.950001,415.758575,684.803528,296.863098,49.516006,106.893631,1555.87
2021-07-22,17.98,416.629303,682.30658,294.150635,49.609085,106.622116,1557.45
2021-07-23,17.93,420.915527,688.2995,298.102509,48.873791,106.612411,1558.29
2021-07-26,17.879999,421.948792,688.099792,297.393005,47.943035,106.922729,1559.07
2021-07-27,17.92,420.025787,684.404053,298.003723,46.975056,107.04879,1557.66
2021-07-28,18.0,419.853485,687.300781,297.41095,48.250187,107.300926,1557.55
2021-07-29,18.190001,421.594788,693.893066,296.925934,48.492188,107.669411,1558.99
2021-07-30,18.059999,419.547363,689.697754,294.680603,48.026806,107.426987,1559.4
2021-08-02,18.040001,418.667114,694.192688,294.860168,48.371185,107.504578,1559.73
2021-08-03,18.030001,422.073212,696.689819,294.303345,48.575947,107.456078,1557.62
2021-08-04,18.02,419.99704,697.888489,290.989197,48.827255,107.17485,1556.35
2021-08-05,17.959999,422.656769,698.987122,292.444183,48.752792,107.145775,1556.65
2021-08-06,17.5,423.355225,698.587585,293.566895,48.343269,106.437851,1556.63
2021-08-09,17.200001,423.010803,699.586487,288.734894,48.501495,106.214821,1555.24
2021-08-10,17.209999,423.537079,702.083374,285.47464,48.566647,106.088768,1554.78
2021-08-11,17.43,424.589478,708.176453,283.058655,48.696945,106.292397,1553.0
2021-08-12,17.450001,425.861969,708.076538,282.816132,48.268799,106.234222,1553.53
2021-08-13,17.690001,426.636902,710.473755,284.66626,48.147804,106.796654,1554.45
2021-08-16,17.790001,427.641541,704.280945,284.055573,47.710354,106.602722,1554.33
2021-08-17,17.76,424.838257,706.778015,286.273956,46.835445,106.011192,1553.97
2021-08-18,17.77,420.188385,705.479431,283.875946,46.909908,106.011192,1554.57
2021-08-19,17.709999,420.838959,696.290161,286.193115,46.109467,105.69117,1551.9
2021-08-20,17.73,424.187653,699.386536,286.94754,46.072227,105.894814,1552.98
2021-08-23,17.93,427.919006,701.184448,284.756104,46.770294,106.282692,1555.85
2021-08-24,17.940001,428.598297,702.383118,282.92395,47.831352,106.399055,1558.68
2021-08-25,17.809999,429.49762,705.179871,285.564484,47.887199,106.593018,1560.08
2021-08-26,17.83,426.96225,703.581787,286.139221,47.431122,106.350578,1560.76
2021-08-27,18.1,430.779694,705.879089,288.088226,48.017502,106.757866,1564.21
2021-08-31,18.059999,432.032959,702.782715,297.051697,48.780712,106.845154,1567.95
2021-09-01,18.049999,432.262634,705.879089,302.045349,49.404324,107.126358,1568.98
2021-09-02,18.01,433.592529,708.575928,302.674072,49.180939,107.446381,1570.7
2021-09-03,18.190001,433.487274,706.178772,301.398651,49.441555,107.494865,1570.8
2021-09-07,17.84,431.937317,707.077698,294.159668,49.730087,107.097282,1570.53
2021-09-08,17.780001,431.411163,701.584045,297.91391,49.004101,106.874237,1570.98
2021-09-09,17.870001,429.564575,695.191589,294.860168,48.911022,106.942116,1572.05
2021-09-10,17.790001,426.177673,695.191589,289.14801,48.855179,106.806358,1572.73
2021-09-13,17.84,427.268372,698.687439,291.438293,48.985485,106.786949,1574.43
2021-09-14,17.950001,424.962646,695.790833,291.411316,48.575947,106.728783,1575.16
2021-09-15,17.85,428.512177,693.693237,293.917145,48.566647,106.845154,1575.84
2021-09-16,17.450001,427.832886,686.386353,294.330292,48.017502,106.408783,1575.66
2021-09-17,17.42,423.665344,679.793091,289.677979,47.812733,106.098457,1575.41
2021-09-20,17.549999,416.601074,674.199097,288.716949,46.528297,106.069374,1570.05
2021-09-21,17.66,416.20755,681.391479,290.692871,46.872677,106.079056,1572.06
2021-09-22,17.6,420.267578,691.780701,296.063751,47.459049,105.720268,1574.21
2021-09-23,17.389999,425.373749,691.081421,297.195374,47.831352,106.195435,1574.4
2021-09-24,17.379999,426.074524,688.584045,294.159668,47.263588,105.92392,1572.77
2021-09-27,17.4,424.85553,689.982727,287.899567,47.570732,105.72995,1571.91
2021-09-28,17.24,416.293854,686.08667,287.109283,46.956448,105.671776,1567.52
2021-09-29,17.17,416.994598,693.479065,292.849976,46.51899,104.789322,1568.96
2021-09-30,17.459999,411.897949,691.880554,289.061951,46.891296,104.702034,1568.47
2021-10-01,17.51,416.79303,686.685974,294.838928,46.844757,104.808716,1568.23
2021-10-04,17.59,411.417999,684.887878,296.185944,46.155998,105.01236,1567.17
2021-10-05,17.5,415.698853,691.880554,294.260315,46.481758,104.828102,1567.34
2021-10-06,17.549999,417.426453,683.789001,297.31601,46.221149,104.479012,1562.42
2021-10-07,17.459999,421.0354,691.780701,297.677582,47.123978,104.420822,1564.99
2021-10-08,17.48,420.267578,693.578918,295.272797,47.300823,104.517792,1563.29
2021-10-11,17.43,417.225006,698.273926,294.974487,47.207745,104.382034,1563.99
2021-10-12,17.52,416.197876,696.875427,298.780579,46.965748,104.207474,1560.34
2021-10-13,17.82,417.695221,697.974365,301.194427,47.617283,104.779625,1560.69
2021-10-14,17.860001,424.721069,704.667297,302.740295,47.766201,104.779625,1565.13
2021-10-15,17.58,427.955688,707.664246,301.131134,48.343269,104.808716,1565.84
2021-10-18,17.549999,429.222717,704.367676,301.06781,48.222271,104.866898,1564.79
2021-10-19,17.610001,432.534149,705.666321,298.409912,48.864487,105.128716,1565.77
2021-10-20,17.76,434.232971,705.86615,301.239563,48.855179,105.245079,1566.33
2021-10-21,17.74,435.365601,703.068787,301.031647,48.538723,104.95417,1566.17
2021-10-22,17.85,434.914429,704.367676,303.183289,48.43634,105.186913,1564.31
2021-10-25,17.969999,437.246765,706.165771,302.740295,48.687645,104.87661,1564.13
2021-10-26,17.83,437.640289,710.860901,305.922607,48.43634,104.740814,1565.19
2021-10-27,17.889999,435.701477,708.863098,309.113892,48.045425,104.769905,1565.92
2021-10-28,17.870001,439.905487,708.663208,312.55838,48.091957,105.526306,1566.22
2021-10-29,17.73,440.798157,707.963928,307.314789,47.393894,104.382034,1565.45
2021-11-01,17.83,441.556396,712.659058,304.168793,47.766201,104.789322,1565.06
2021-11-02,17.780001,443.341705,711.360291,303.888458,47.338055,104.566269,1565.67
2021-11-03,17.639999,446.04837,708.363403,303.364105,47.561428,104.721436,1565.65
2021-11-04,17.83,448.150391,712.159546,300.127655,47.449741,104.343262,1569.21
2021-11-05,18.059999,449.705261,714.656921,304.73822,47.393894,104.430519,1574.69
2021-11-08,18.139999,450.089233,714.457092,305.98587,47.831352,104.624474,1577.06
2021-11-09,18.209999,448.601501,711.660156,307.956696,47.645203,104.68264,1577.43
2021-11-10,18.41,444.992584,717.054504,309.900421,47.449741,103.625648,1573.95
2021-11-11,18.52,445.136536,722.648499,311.148041,48.268799,103.354118,1574.18
2021-11-12,18.559999,448.495911,719.152344,313.191223,48.399113,103.354118,1570.91
2021-11-15,18.530001,448.649506,719.651794,317.74765,48.240879,102.520149,1568.93
2021-11-16,18.4,450.425171,717.753723,312.485992,48.30603,102.122536,1567.44
2021-11-17,18.559999,449.330963,713.857727,314.176575,48.054737,102.19043,1566.47
2021-11-18,18.5,450.857056,711.160522,316.979187,47.468357,102.617111,1566.35
2021-11-19,18.370001,450.050873,708.163696,314.086243,47.393894,101.860756,1565.14
2021-11-22,17.940001,448.783875,710.960815,312.0159,47.012291,101.404961,1563.4
2021-11-23,17.799999,449.378967,712.259399,317.684265,46.965748,101.531013,1557.15
2021-11-24,17.780001,450.578674,714.457092,322.973083,46.9006,101.133415,1554.5
2021-11-26,17.75,440.529419,691.28125,308.001923,45.327625,102.015884,1546.06
2021-11-29,17.73,445.933228,697.674622,313.254456,45.504471,101.754059,1551.33
2021-11-30,17.610001,437.256348,691.780701,306.871826,45.457932,102.306801,1549.64
2021-12-01,17.68,432.399689,702.869263,296.674103,45.625465,102.035271,1554.16
2021-12-02,17.58,439.022461,698.773499,308.282166,46.183914,101.94799,1553.73
2021-12-03,17.719999,435.202393,698.673645,304.268188,45.532391,102.035271,1556.83
2021-12-06,17.68,440.356628,709.162659,309.520752,45.886078,101.734657,1560.42
2021-12-07,17.74,449.465302,719.751648,311.85321,46.612068,101.608604,1569.72
2021-12-08,17.74,450.655548,718.852539,315.152985,46.79821,102.335892,1568.12
2021-12-09,17.65,447.612946,717.853577,311.536774,46.574833,101.870415,1567.35
2021-12-10,17.719999,451.826508,715.056458,312.513123,46.612068,102.064369,1566.41
2021-12-13,17.77,447.824036,708.763123,318.651672,45.872849,101.72496,1567.11
2021-12-14,17.610001,444.743011,707.56427,312.549316,45.769001,101.472824,1564.8
2021-12-15,17.68,451.692169,703.168823,318.434723,45.636829,101.792847,1565.12
2021-12-16,17.889999,447.708893,706.713562,309.330841,45.693478,102.209831,1568.78
2021-12-17,17.860001,442.943939,707.412659,308.969269,45.466896,101.337059,1567.37
2021-12-20,17.790001,438.233917,700.819214,304.729218,44.787159,101.705559,1565.19
2021-12-21,17.77,446.016571,710.010193,308.038086,45.542423,101.754059,1569.77
2021-12-22,17.93,450.476166,714.206238,310.623718,45.75956,102.248634,1572.38
2021-12-23,17.99,453.279053,718.002502,309.791992,45.995586,102.200119,1574.77
2021-12-29,17.93,459.905853,722.198425,318.416595,45.844528,102.306801,1578.92
2021-12-30,18.059999,458.63443,721.399292,318.850555,46.36972,102.035271,1578.73
2021-12-31,18.18,457.478516,719.201416,320.332977,46.143013,102.558937,1578.79
2022-01-04,18.049999,459.973206,730.590332,324.334534,46.313038,101.705559,1575.61
2022-01-05,18.0,451.140747,732.288635,317.695587,45.557373,101.94799,1573.56
2022-01-06,17.77,450.716888,726.094604,317.350006,45.765182,101.754059,1568.25
2022-01-07,17.860001,448.935028,728.99176,313.130157,46.180801,102.413475,1564.06
2022-01-10,17.91,448.376404,725.794861,313.775879,46.180801,102.112877,1560.19
2022-01-11,18.129999,452.460327,730.290527,314.712585,47.248184,102.452278,1564.37
2022-01-12,18.17,453.683594,735.985107,317.495453,48.032188,103.208672,1569.78
2022-01-13,18.110001,447.432404,736.784363,316.28595,47.352089,103.198944,1569.22
2022-01-14,18.049999,447.615448,735.585266,312.811829,47.333195,102.878922,1565.87
2022-01-18,18.02,439.688385,737.883118,311.684174,46.492516,101.957703,1559.86
2022-01-19,18.309999,435.122833,740.580505,308.71936,46.690876,102.27771,1561.23
2022-01-20,18.280001,430.306885,739.781433,305.372681,46.964809,101.851028,1560.82
2022-01-21,18.209999,421.85968,731.089783,302.007629,46.284698,102.219528,1554.77
2022-01-24,18.299999,423.651184,711.808472,302.753448,45.632946,101.996475,1548.64
2022-01-25,18.370001,418.478821,719.501038,300.607147,45.547932,101.841324,1549.0
2022-01-26,18.08,417.428986,729.491333,298.242584,44.971737,101.220695,1553.09
2022-01-27,17.84,415.367737,737.183838,291.703705,44.452209,100.367325,1541.35
2022-01-28,17.77,425.683502,728.49231,302.062225,44.669464,100.454613,1533.63
2022-01-31,17.889999,433.350555,729.391418,302.389648,46.133572,101.2304,1535.39
2022-02-01,17.91,436.278625,735.585266,301.471069,46.416946,101.501915,1541.12
2022-02-02,17.959999,440.516724,740.480591,307.709869,46.341385,101.851028,1545.8
2022-02-03,17.940001,430.162384,735.485535,299.915924,45.850193,102.946823,1539.46
2022-02-04,17.969999,432.185089,734.48645,297.369568,45.963551,103.198944,1529.71
2022-02-07,18.1,430.798096,739.981079,293.931854,45.869087,103.043777,1528.49
2022-02-08,18.15,434.342621,739.28186,287.301971,46.313038,102.869255,1529.83
2022-02-09,18.209999,440.699738,746.974243,298.83371,47.040371,102.898323,1534.19
2022-02-10,18.16,432.782288,749.971497,290.703308,46.728657,102.966217,1525.48
2022-02-11,18.49,424.248352,748.872437,289.830231,46.020226,102.112877,1516.33
2022-02-14,18.6,422.861359,736.584412,287.702118,45.699062,101.67646,1507.66
2022-02-15,18.41,429.680756,743.577637,289.375519,46.690876,102.297112,1510.91
2022-02-16,18.6,430.162384,742.478699,290.275818,47.030926,102.520149,1511.5
2022-02-17,18.879999,420.973541,737.283752,286.110657,46.48307,102.23893,1512.38
2022-02-18,18.860001,418.247681,735.485535,286.865479,46.020226,101.9674,1511.22
2022-02-22,18.889999,413.759216,733.986877,287.820404,45.368454,101.986801,1511.6
2022-02-23,18.969999,406.419647,733.886963,285.373962,44.839493,101.715263,1512.49
2022-02-24,18.860001,412.535858,708.112061,287.847687,43.913795,100.832802,1504.51
2022-02-25,18.790001,421.638092,735.18573,295.223267,44.726131,101.414642,1517.84
2022-02-28,18.99,420.559357,731.189697,288.447906,44.140499,100.910385,1521.6
2022-03-01,19.34,414.154083,719.401184,287.220123,43.554855,100.260666,1523.35
2022-03-02,19.139999,421.772949,729.391418,297.251282,43.630417,100.124901,1523.12
2022-03-03,19.25,419.673187,711.308899,300.288879,43.016441,99.581848,1522.72
2022-03-04,19.559999,416.263489,686.333313,309.346893,42.147419,98.379364,1516.45
2022-03-07,19.85,403.992401,683.236267,312.075195,40.569965,97.797523,1508.44
2022-03-08,20.389999,400.929474,684.734741,306.336609,40.702202,98.156342,1502.16
2022-03-09,19.790001,411.67868,708.112061,311.365875,41.854599,99.610931,1503.81
2022-03-10,19.84,409.819702,700.919067,311.693268,41.070587,98.718781,1497.06
2022-03-11,19.700001,404.608856,705.314758,305.590851,40.211014,98.13694,1493.43
2022-03-14,19.41,401.651794,709.610596,303.753815,39.238098,98.466667,1479.84
2022-03-15,19.040001,410.484344,708.611572,304.908783,39.294769,98.563644,1478.93
2022-03-16,19.17,419.586517,719.700806,311.402222,42.459133,99.475182,1488.84
2022-03-17,19.26,424.835907,725.238525,311.702301,42.241879,99.843681,1499.2
2022-03-18,19.08,429.489044,727.436523,310.665588,42.846416,99.446075,1500.88
2022-03-21,19.23,429.363495,730.034058,307.564362,42.1852,99.067894,1498.39
2022-03-22,19.1,434.387634,734.230286,305.254364,42.950317,99.271538,1493.55
2022-03-23,19.34,428.793427,732.132141,304.872406,42.666943,98.980614,1494.5
2022-03-24,19.5,435.257202,733.430847,305.645477,42.893642,98.912727,1494.89
2022-03-25,19.42,437.382813,734.729797,310.574646,42.553593,98.796349,1492.24
2022-03-28,19.07,440.493896,734.330139,313.657654,42.695278,98.796349,1490.93
2022-03-29,19.030001,445.943176,740.624329,324.434479,43.422611,99.766113,1501.76
2022-03-30,19.219999,443.189606,744.720764,319.108765,43.299816,100.299469,1506.67
2022-03-31,19.23,436.368317,739.02594,316.143829,42.648048,99.484871,1507.53
2022-04-01,19.110001,437.605011,741.024048,323.473633,43.356487,99.387917,1503.19
2022-04-04,19.200001,441.353882,742.722473,320.179382,44.121605,98.660606,1507.07
2022-04-05,19.08,435.778961,748.417236,319.328308,43.309261,97.972092,1503.38
2022-04-06,19.129999,431.421448,746.319275,325.13916,42.742504,97.981789,1491.98
2022-04-07,19.190001,433.595337,743.321899,321.835693,42.402458,97.719955,1488.77
2022-04-08,19.309999,432.435974,754.311951,321.597748,42.440243,97.787857,1483.23
2022-04-11,19.41,425.044678,750.51532,315.292816,41.91127,97.807228,1472.83
2022-04-12,19.57,423.469696,745.419922,317.342651,41.77903,97.31266,1477.9
2022-04-13,19.65,428.319946,745.220276,317.818451,42.326889,97.846008,1479.05
2022-04-14,19.59,422.986633,749.116638,316.171326,41.77903,97.254494,1479.06
2022-04-19,19.35,429.991486,748.117554,318.157043,41.429531,96.944206,1474.11
2022-04-20,19.450001,429.672668,751.214844,325.752289,41.183945,97.535713,1476.89
2022-04-21,19.379999,423.247528,751.714417,328.799469,40.390491,97.370865,1474.18
2022-04-22,19.190001,411.633972,741.72345,321.680115,40.031548,96.982956,1465.85
2022-04-25,18.860001,414.020416,727.736267,318.532196,39.738728,96.284767,1462.96
2022-04-26,18.870001,402.03006,728.135742,315.466644,38.869709,95.664146,1465.07
2022-04-27,18.77,403.160461,731.033142,312.922729,39.323112,94.888344,1462.4
2022-04-28,18.84,413.344086,739.924988,315.805267,39.889858,94.442261,1459.84
2022-04-29,18.84,398.068695,744.021362,301.310303,40.031548,94.791374,1452.45
2022-05-03,18.540001,402.300598,745.020508,294.749176,40.267693,94.568329,1447.66
2022-05-04,18.719999,414.551819,739.225708,295.911316,40.702202,95.324715,1446.61
2022-05-05,18.65,399.817474,740.82428,289.670349,39.200314,94.77198,1444.5
2022-05-06,18.68,397.431,728.5354,286.815308,38.661892,94.733185,1434.33
2022-05-09,18.41,384.70636,711.750854,270.837921,37.547283,94.849556,1421.62
2022-05-10,18.27,385.595184,714.248535,262.153809,37.726753,94.636208,1422.45
2022-05-11,18.41,379.469604,724.139404,264.212708,37.462273,94.451958,1421.94
2022-05-12,18.129999,379.073456,713.549072,267.406403,37.216686,93.162224,1415.72
2022-05-13,17.969999,388.136322,731.632568,271.121613,38.246277,93.433731,1418.12
2022-05-16,18.139999,386.561401,736.328369,267.10437,38.095146,93.705292,1417.67
2022-05-17,18.040001,394.513123,741.32373,270.865356,39.030289,94.675018,1417.79
2022-05-18,18.040001,378.609711,734.729797,263.572174,38.095146,93.947708,1407.69
2022-05-19,18.309999,376.290833,722.341125,257.688171,38.69968,95.111397,1405.34
2022-05-20,18.32,376.455109,730.433716,258.118256,38.86026,94.791374,1408.64
2022-05-23,18.41,383.498596,742.522705,262.830963,39.15308,95.955048,1411.41
2022-05-24,18.540001,380.571045,739.725281,258.813721,38.472984,96.352638,1411.82
2022-05-25,18.43,383.933411,743.921326,258.56665,38.661892,95.867767,1425.27
2022-05-26,18.4,391.604889,747.917725,259.088257,39.26643,96.265366,1446.36
2022-05-27,18.41,401.218475,750.215698,264.176117,39.719833,96.449615,1456.57
2022-05-31,18.24,398.967224,751.61438,259.747131,40.277142,96.342949,1456.32
2022-06-01,18.35,395.740204,745.020508,258.603241,39.993763,95.615623,1455.25
2022-06-06,18.299999,397.865814,752.113953,253.066956,40.239353,96.00354,1447.42
2022-06-07,18.42,401.68222,751.214844,259.051697,40.362148,96.110191,1442.25
2022-06-08,18.4,397.315063,750.01593,253.808197,40.579407,96.139305,1439.2
2022-06-09,18.35,387.865784,738.526306,247.896759,39.619175,95.247147,1432.4
2022-06-10,18.6,376.619293,723.34021,247.905945,39.180973,94.393784,1416.37
2022-06-13,18.110001,362.319794,712.84967,236.156189,37.809208,93.424057,1383.05
2022-06-14,17.959999,361.228027,710.252197,234.454132,38.333149,93.453148,1374.45
2022-06-15,18.190001,366.377808,718.744446,235.387543,38.838028,93.782845,1386.09
2022-06-16,18.4,354.252136,687.660828,232.376907,37.647266,94.723473,1371.56
2022-06-17,18.25,355.015839,684.763,234.335175,37.79015,94.151321,1374.83
2022-06-21,18.18,363.95285,698.452332,233.776993,38.39983,94.451958,1379.44
2022-06-22,18.25,363.29303,692.357117,234.197922,37.713947,94.781677,1373.46
2022-06-23,18.139999,366.854218,685.462524,237.409836,37.828255,94.451958,1374.85
2022-06-24,18.120001,378.517914,704.047913,239.487122,38.723721,94.675018,1383.67
2022-06-27,18.1,377.072113,708.544373,243.641617,38.771351,94.898041,1384.58
2022-06-28,18.08,369.367462,715.039307,241.600937,38.533192,94.413177,1376.57
2022-06-29,18.07,369.066681,714.639587,242.090057,38.380779,93.666481,1362.73
2022-06-30,17.940001,366.068237,700.350769,241.314896,38.199776,93.976807,1357.2
2022-07-01,17.93,369.939972,700.850464,246.131805,37.961624,93.540428,1359.91
2022-07-05,17.549999,370.638611,685.962036,244.07399,37.666317,92.0858,1361.01
2022-07-06,17.27,371.890442,694.055725,245.476639,37.437687,91.368195,1364.69
2022-07-07,17.290001,377.460236,702.748962,245.522781,38.190254,91.174278,1375.51
2022-07-08,17.290001,377.14978,704.047913,242.616028,38.190254,91.261551,1378.74
2022-07-11,17.190001,372.841339,704.047913,242.329926,37.170959,90.059074,1380.65
2022-07-12,17.139999,369.542114,704.747253,243.677216,37.028061,89.971802,1382.2
2022-07-13,17.219999,367.60141,699.751343,241.453308,36.942329,90.185143,1380.4
2022-07-14,16.969999,366.708649,688.559998,241.102676,36.608913,89.797264,1373.89
2022-07-15,16.940001,373.714691,700.450684,244.950653,36.799442,90.388786,1382.54
2022-07-18,16.950001,370.628906,706.446045,242.302246,37.056648,90.931824,1390.03
2022-07-19,17.0,380.643005,713.140747,246.002594,37.666317,91.63974,1395.01
2022-07-20,16.85,383.068909,711.142395,247.460617,37.504375,91.193672,1405.02
2022-07-21,17.08,386.969788,711.542053,248.789368,37.933052,91.503967,1409.21
2022-07-22,17.120001,383.379395,711.642029,252.665039,37.552002,91.533051,1418.16
2022-07-25,17.07,383.845245,714.939392,252.665039,37.685371,91.63974,1418.72
2022-07-26,17.059999,379.303925,714.339905,252.554321,37.390057,90.65062,1413.84
2022-07-27,17.219999,389.153107,718.636536,255.885498,38.085464,91.494286,1418.0
2022-07-28,17.43,394.033997,718.436646,262.806335,38.24741,91.280952,1427.04
2022-07-29,17.49,399.778503,726.330444,264.40274,38.066418,91.581543,1438.69
2022-08-01,17.58,398.594666,725.131409,258.275513,37.742523,91.930664,1442.2
2022-08-02,17.530001,395.965027,725.031433,255.48877,37.561531,91.116074,1443.29
2022-08-03,17.52,402.165558,728.428894,254.196869,37.856842,91.125786,1445.57
2022-08-04,17.809999,401.893921,729.727783,256.577576,38.123569,91.804604,1450.55
2022-08-05,17.6,401.214661,728.828552,257.223541,38.161674,91.213074,1446.35
2022-08-08,17.75,400.748871,733.325073,259.142944,38.209305,91.310043,1451.91
2022-08-09,17.809999,399.157501,733.72467,264.042877,38.066418,91.436096,1446.91
2022-08-10,17.77,407.541351,736.622375,268.712097,38.542721,92.299156,1456.5
2022-08-11,17.73,407.541351,734.623901,270.142426,38.695137,92.425224,1461.06
2022-08-12,17.889999,414.440674,738.22113,274.184174,39.104759,91.940346,1459.95
2022-08-15,17.66,416.148499,739.020508,274.054993,38.923763,91.048195,1462.84
2022-08-16,17.629999,416.963623,741.418579,275.420654,38.914234,91.096687,1460.35
2022-08-17,17.52,414.003998,739.420166,274.553223,38.752293,91.213074,1452.16
2022-08-18,17.469999,415.207275,743.616882,270.640686,38.533192,90.408188,1450.97
2022-08-19,17.33,409.627686,744.21637,267.613983,38.009258,89.923332,1442.38
2022-08-22,17.23,401.098206,742.817566,262.474152,37.675842,89.060234,1430.63
2022-08-23,17.35,400.127869,738.121277,256.245453,37.875885,89.283287,1427.46
2022-08-24,17.4,401.408752,736.92218,258.635406,37.866364,89.292992,1427.98
2022-08-25,17.450001,407.075653,738.321045,261.643677,38.685612,89.341476,1431.64
2022-08-26,17.24,393.296509,733.025208,253.578552,38.11404,89.225128,1428.04
2022-08-30,17.110001,386.406982,727.029907,245.762665,37.428162,89.719666,1411.15
2022-08-31,16.969999,383.466736,718.536621,244.590744,37.561531,89.971802,1404.48
2022-09-01,16.82,384.670013,706.34613,247.303696,37.266216,89.060234,1394.97
2022-09-02,16.969999,380.613922,718.836243,245.439713,36.923275,89.118431,1401.98
2022-09-06,16.879999,379.177765,721.634216,248.946243,36.485073,88.672348,1399.67
2022-09-07,17.049999,385.989716,715.938599,253.209488,36.808964,89.64209,1404.05
2022-09-08,16.950001,388.512634,717.837097,254.0215,36.608913,89.545128,1411.36
2022-09-09,17.040001,394.548279,726.730164,256.771423,37.151905,89.932999,1421.29
2022-09-12,17.120001,398.788788,738.920593,256.882111,37.704422,90.573051,1425.44
2022-09-13,16.889999,381.448456,730.227356,247.414429,36.542236,89.273582,1409.78
2022-09-14,16.83,382.903961,719.835571,244.157043,36.723232,89.322083,1405.27
2022-09-15,16.52,378.556793,711.729187,240.779678,36.332661,89.45784,1400.05
2022-09-16,16.610001,375.668823,707.431885,240.899643,35.999245,89.632401,1389.51
2022-09-20,16.52,374.236481,702.635071,231.708832,35.913509,89.302681,1389.98
2022-09-21,16.6,367.708374,707.232178,228.506805,35.313362,88.206886,1391.73
2022-09-22,16.59,364.61972,699.237366,228.903564,35.141891,88.100204,1380.06
2022-09-23,16.309999,358.510559,686.046082,228.922028,34.275013,86.771683,1366.31
2022-09-26,16.120001,354.963928,685.946106,222.370331,33.855865,86.015289,1354.45
2022-09-27,16.15,354.0578,682.048706,219.943451,33.817757,85.9086,1348.69
2022-09-28,16.48,361.024353,684.347229,225.80304,34.113071,87.101387,1352.64
2022-09-29,16.48,353.482971,673.154602,222.227448,33.350979,87.702614,1344.87
2022-09-30,16.5,348.016846,674.553711,225.551636,33.227142,87.702614,1348.0
2022-10-03,16.879999,357.204926,675.15332,229.806992,33.77013,87.983849,1355.94
2022-10-04,17.120001,368.273468,692.341919,228.615128,34.875164,89.428757,1374.65
2022-10-05,17.030001,367.416077,689.343872,220.076508,34.894215,88.468719,1371.63
2022-10-06,17.02,363.625916,684.646973,212.943909,34.684635,87.692932,1374.63
2022-10-07,16.83,353.482971,683.647583,205.978943,33.960655,87.178993,1367.47
2022-10-10,16.57,350.783997,681.149353,206.193115,33.484348,86.926842,1368.22
2022-10-11,16.540001,348.562439,673.554382,211.230591,32.950878,86.955933,1355.31
2022-10-12,16.629999,347.412781,667.558411,208.595459,32.988983,86.791077,1354.03
2022-10-13,16.52,356.581329,670.856079,213.418808,33.084244,87.450493,1350.61
2022-10-14,16.309999,348.455353,671.25592,207.291855,32.588886,87.130486,1352.64
2022-10-17,16.35,357.409546,676.952087,215.346268,33.484348,87.983849,1360.67
2022-10-18,16.389999,361.608978,678.451233,217.217896,33.493874,88.216591,1367.77
2022-10-19,16.16,359.046448,677.351929,211.48201,32.884201,87.508675,1360.03
2022-10-20,16.15,356.035767,679.05072,211.109573,33.093781,87.557175,1358.49
2022-10-21,16.43,364.687897,681.748962,212.096558,33.59866,88.22628,1357.25
2022-10-24,16.379999,369.150421,685.84613,211.966217,32.322159,88.332932,1361.91
2022-10-25,16.41,375.045197,685.546448,220.169601,32.588886,89.166916,1370.19
2022-10-26,16.52,372.219635,689.343872,212.543533,33.122353,90.185143,1377.36
2022-10-27,16.5,370.231934,691.442566,206.314163,32.865143,89.225128,1385.25
2022-10-28,16.33,379.040039,688.844238,206.938034,32.665096,89.166916,1392.05
2022-10-31,16.200001,376.302063,693.541138,206.938034,32.569836,88.478409,1386.37
2022-11-01,16.360001,374.655457,702.235352,206.146545,33.169983,88.429932,1386.67
2022-11-02,16.24,365.252991,698.038208,201.425644,32.893726,88.003235,1385.21
2022-11-03,16.18,361.492065,702.235352,199.256058,33.084244,87.246864,1370.67
2022-11-04,16.68,366.695068,717.425354,199.488861,34.484592,89.09903,1372.95
2022-11-07,16.610001,370.202759,713.128113,195.05658,34.503639,89.632401,1374.74
2022-11-08,16.99,372.200134,713.927612,193.631927,34.75132,90.078476,1374.57
2022-11-09,16.92,364.532043,712.62854,193.063934,34.151173,89.574219,1366.36
2022-11-10,17.43,384.564575,722.022278,203.511383,35.389568,91.203362,1390.12
2022-11-11,17.540001,388.286591,716.026306,200.475876,36.351707,92.677368,1390.38
2022-11-14,17.58,384.983521,722.022278,195.978424,36.13261,92.396133,1395.42
2022-11-15,17.65,388.26709,720.823059,197.570694,36.96138,92.619164,1402.32
2022-11-16,17.610001,385.305084,719.024231,195.559448,36.370766,93.016754,1402.53
2022-11-17,17.48,384.126099,719.424072,193.231537,36.437443,92.784027,1396.18
2022-11-18,17.35,385.870178,722.821655,197.021317,36.227867,92.415535,1398.04
2022-11-21,17.26,384.467133,722.422119,198.818436,35.770615,91.620346,1399.0
2022-11-22,17.27,389.640869,729.317505,199.0233,35.85635,92.153702,1404.49
2022-11-23,17.379999,392.096283,730.816467,197.272736,36.151661,93.084633,1410.82
2022-11-25,17.4,392.008606,733.91449,197.971085,35.980194,93.113731,1411.04
2022-11-28,17.26,385.753296,733.015015,195.969101,35.818245,92.464005,1407.35
2022-11-29,17.35,385.090729,736.712585,199.721664,36.589863,92.40583,1405.11
2022-11-30,17.559999,397.221283,742.308777,205.2061,37.647266,93.113731,1412.32
2022-12-01,17.889999,396.929016,741.009705,204.768463,37.523422,94.175766,1423.53
2022-12-02,17.84,396.471069,741.009705,202.729233,37.666317,94.272736,1423.33
2022-12-05,17.530001,389.338837,742.208984,199.619232,37.23764,93.816902,1420.83
2022-12-06,17.58,383.726593,736.312805,196.546432,37.19001,93.681114,1416.86
2022-12-07,17.73,383.073853,733.7146,198.241104,36.970913,94.04969,1416.33
2022-12-08,17.75,386.074799,732.115601,199.162949,37.418636,94.466713,1419.75
2022-12-09,17.809999,383.190735,732.71521,200.000977,37.170959,94.224251,1421.68
2022-12-12,17.66,388.71524,729.517334,203.557968,37.056648,94.263054,1424.38
2022-12-13,17.959999,391.657776,735.513367,207.841263,37.32164,95.106842,1434.81
2022-12-14,17.93,389.153748,734.613892,205.727554,37.340984,95.572395,1435.6
2022-12-15,17.629999,379.634369,723.770203,203.23204,36.480236,95.106842,1428.14
2022-12-16,17.790001,375.152313,714.775635,197.514816,36.58662,94.786781,1421.66
2022-12-19,17.73,371.971191,717.274109,194.209244,36.615631,94.932259,1417.17
2022-12-20,18.040001,372.480164,718.473389,193.212921,36.605961,94.980759,1412.99
2022-12-21,18.0,378.049683,729.966553,194.469971,36.934788,95.00016,1420.06
2022-12-22,17.780001,372.656403,727.767883,194.544479,36.605961,94.86438,1416.52
2022-12-23,17.84,374.800018,727.767883,197.077179,36.557606,95.019562,1415.34
2022-12-28,17.9,368.682373,730.166382,194.823822,36.557606,94.96138,1403.33
2022-12-29,18.01,375.318756,731.865356,199.5168,37.166897,95.494781,1400.73
2022-12-30,18.09,374.330139,726.168762,199.375671,36.654316,95.82457,1401.62
